{
    "episodes": [
        1,
        2,
        3,
        4,
        5,
        6,
        7,
        8,
        9,
        10,
        11,
        12,
        13,
        14,
        15,
        16,
        17,
        18,
        19,
        20,
        21,
        22,
        23,
        24,
        25,
        26,
        27,
        28,
        29,
        30,
        31,
        32,
        33,
        34,
        35,
        36,
        37,
        38,
        39,
        40,
        41,
        42,
        43,
        44,
        45,
        46,
        47,
        48,
        49,
        50
    ],
    "rewards": [
        -0.16676960780154954,
        -0.15046731829042753,
        -0.13956563310458753,
        -0.1266678063253829,
        -0.1315558114266402,
        -0.12285043966591527,
        -0.11747056336983407,
        -0.11206273065693483,
        -0.11021163470772656,
        -0.10422270027421779,
        -0.10515271726137412,
        -0.09750991557161454,
        -0.09667673973997258,
        -0.0959909514846103,
        -0.08751224713030259,
        -0.08743715527844287,
        -0.08840016275431888,
        -0.08017698448115351,
        -0.07951913373998298,
        -0.08153191780869236,
        -0.07612550052310754,
        -0.07384094092413222,
        -0.07312210625244941,
        -0.06780607102682949,
        -0.06812775405632965,
        -0.06713481227109563,
        -0.06585340938879969,
        -0.06653537234089688,
        -0.06316246369354625,
        -0.06287701342492688,
        -0.06187942411149295,
        -0.06122774214768336,
        -0.05875760450857344,
        -0.05642605507617746,
        -0.05817630136938937,
        -0.05645059072966508,
        -0.05642224620692371,
        -0.060736032708514395,
        -0.05323847678289778,
        -0.05338519813252621,
        -0.0535522426215023,
        -0.05287423339165716,
        -0.051108348503234355,
        -0.05243988638722054,
        -0.052433889348762114,
        -0.05211731256093736,
        -0.04846958933508133,
        -0.04971484536964642,
        -0.04777228265679923,
        -0.047321596536551915
    ],
    "epsilons": [
        0.9418449208830277,
        0.8870718549931568,
        0.8354841210835904,
        0.7868964759210001,
        0.7411344491069477,
        0.6980337165828195,
        0.6574395105686315,
        0.6192060638168891,
        0.583196086185909,
        0.5492802716530589,
        0.5173368339976833,
        0.48725106948642405,
        0.4589149449906117,
        0.4322267100567217,
        0.40709053153690444,
        0.3834161494676055,
        0.36111855296059203,
        0.3401176749425623,
        0.3203381046471969,
        0.30170881682725825,
        0.28416291671438093,
        0.2676373998107465,
        0.2520729256500918,
        0.23741360471566406,
        0.22360679774997905,
        0.2106029267357362,
        0.19835529686915354,
        0.1868199288864574,
        0.17595540114143834,
        0.16572270086699942,
        0.15608508408660074,
        0.1470079436725652,
        0.13845868507746376,
        0.1304066092923519,
        0.12282280261157909,
        0.11568003280833444,
        0.1089526513481118,
        0.10261650128895847,
        0.0966488305377922,
        0.09102821015130405,
        0.08573445738807858,
        0.08074856323562418,
        0.07605262415207462,
        0.07162977777745737,
        0.06746414238367819,
        0.0635407598457967,
        0.059845541929811855,
        0.05636521970408556,
        0.053087295892748944,
        0.05000000000000001
    ],
    "losses": [],
    "avg_queue_lengths": [
        0.4465625,
        0.4096875,
        0.40015625,
        0.35989583333333336,
        0.40953125,
        0.37645833333333334,
        0.37328125,
        0.38114583333333335,
        0.3828125,
        0.4025,
        0.4028125,
        0.3790104166666667,
        0.39416666666666667,
        0.41791666666666666,
        0.38953125,
        0.4028125,
        0.3990625,
        0.38994791666666667,
        0.40125,
        0.4175,
        0.4192708333333333,
        0.40229166666666666,
        0.41833333333333333,
        0.41208333333333336,
        0.39515625,
        0.41765625,
        0.42578125,
        0.4122395833333333,
        0.41015625,
        0.4225,
        0.4170833333333333,
        0.42182291666666666,
        0.4183854166666667,
        0.4047395833333333,
        0.4296875,
        0.41984375,
        0.41598958333333336,
        0.42921875,
        0.41442708333333333,
        0.40875,
        0.42411458333333335,
        0.41729166666666667,
        0.42296875,
        0.425,
        0.4336979166666667,
        0.42541666666666667,
        0.41682291666666665,
        0.419375,
        0.41239583333333335,
        0.409375
    ],
    "grid_overloads": [
        50400,
        50400,
        50400,
        50400,
        50400,
        50400,
        50400,
        50400,
        50400,
        50400,
        50400,
        50400,
        50400,
        50400,
        50400,
        50400,
        50400,
        50400,
        50400,
        50400,
        50400,
        50400,
        50400,
        50400,
        50400,
        50400,
        50400,
        50400,
        50400,
        50400,
        50400,
        50400,
        50400,
        50400,
        50400,
        50400,
        50400,
        50400,
        50400,
        50400,
        50400,
        50400,
        50400,
        50400,
        50400,
        50400,
        50400,
        50400,
        50400,
        50400
    ],
    "voltage_violations": [
        50400,
        50400,
        50400,
        50400,
        50400,
        50400,
        50400,
        50400,
        50400,
        50400,
        50400,
        50400,
        50400,
        50400,
        50400,
        50400,
        50400,
        50400,
        50400,
        50400,
        50400,
        50400,
        50400,
        50400,
        50400,
        50400,
        50400,
        50400,
        50400,
        50400,
        50400,
        50400,
        50400,
        50400,
        50400,
        50400,
        50400,
        50400,
        50400,
        50400,
        50400,
        50400,
        50400,
        50400,
        50400,
        50400,
        50400,
        50400,
        50400,
        50400
    ]
}