{
    "episodes": [
        1,
        2,
        3,
        4,
        5,
        6,
        7,
        8,
        9,
        10,
        11,
        12,
        13,
        14,
        15,
        16,
        17,
        18,
        19,
        20,
        21,
        22,
        23,
        24,
        25,
        26,
        27,
        28,
        29,
        30,
        31,
        32,
        33,
        34,
        35,
        36,
        37,
        38,
        39,
        40,
        41,
        42,
        43,
        44,
        45,
        46,
        47,
        48,
        49,
        50
    ],
    "rewards": [
        143.60000000000008,
        134.74999999999997,
        10.5,
        140.79999999999998,
        132.6,
        11.399999999999999,
        128.70000000000002,
        148.50000000000003,
        20.299999999999997,
        121.19999999999999,
        137.49999999999997,
        25.9,
        110.90000000000002,
        135.30000000000004,
        28.0,
        113.0,
        138.79999999999995,
        36.69999999999999,
        105.50000000000001,
        140.00000000000003,
        44.80000000000001,
        95.80000000000003,
        127.50000000000006,
        60.2,
        96.89999999999998,
        133.79999999999995,
        68.3,
        84.20000000000005,
        118.30000000000003,
        79.4,
        85.69999999999999,
        116.5,
        83.19999999999999,
        72.40000000000003,
        126.60000000000004,
        87.40000000000002,
        62.29999999999999,
        140.10000000000002,
        91.99999999999997,
        57.20000000000001,
        142.29999999999995,
        83.30000000000001,
        53.60000000000002,
        137.50000000000009,
        98.59999999999998,
        43.69999999999999,
        139.39999999999998,
        88.7,
        51.50000000000001,
        142.39999999999998
    ],
    "epsilons": [
        1.0,
        1.0,
        1.0,
        1.0,
        1.0,
        1.0,
        1.0,
        0.985074875,
        0.9801495006250001,
        0.960693043575437,
        0.9322301194154049,
        0.9229311239742362,
        0.9046104802746175,
        0.8822202429488013,
        0.8734200960253871,
        0.8560822709551227,
        0.8265651079747222,
        0.8183201210226743,
        0.8020760579717637,
        0.7822236754458713,
        0.7705488893118823,
        0.7590483508202912,
        0.7402609576967045,
        0.7328768546436799,
        0.7219385759785162,
        0.697046600835495,
        0.6900935609921609,
        0.6797938283326578,
        0.6596532430440636,
        0.6498078359349755,
        0.6433260027715241,
        0.6274028820538087,
        0.6149486215357263,
        0.6057704364907278,
        0.5907768628656763,
        0.5819594443402982,
        0.5761543988830038,
        0.5618938591163328,
        0.547986285490042,
        0.5425201222922789,
        0.5290920728090721,
        0.5185893309484582,
        0.5159963842937159,
        0.500708706245853,
        0.4858739637363176,
        0.483444593917636,
        0.47147873742168567,
        0.46211964903917074,
        0.4598090507939749,
        0.4484282034609769
    ],
    "losses": [],
    "avg_queue_lengths": [
        0.0,
        0.0,
        0.0,
        0.0,
        0.0,
        0.0,
        0.0,
        0.0,
        0.0,
        0.0,
        0.0,
        0.0,
        0.0,
        0.0,
        0.0,
        0.0,
        0.0,
        0.0,
        0.0,
        0.0,
        0.0,
        0.0,
        0.0,
        0.0,
        0.0,
        0.0,
        0.0,
        0.0,
        0.0,
        0.0,
        0.0,
        0.0,
        0.0,
        0.0,
        0.0,
        0.0,
        0.0,
        0.0,
        0.0,
        0.0,
        0.0,
        0.0,
        0.0,
        0.0,
        0.0,
        0.0,
        0.0,
        0.0,
        0.0,
        0.0
    ],
    "grid_overloads": [
        60,
        44,
        6,
        60,
        59,
        6,
        54,
        61,
        10,
        47,
        66,
        14,
        44,
        67,
        13,
        47,
        70,
        18,
        46,
        65,
        23,
        45,
        64,
        31,
        48,
        54,
        28,
        43,
        49,
        32,
        38,
        52,
        39,
        38,
        66,
        40,
        31,
        61,
        34,
        28,
        57,
        29,
        28,
        58,
        38,
        22,
        66,
        46,
        25,
        67
    ]
}