{
    "episodes": [
        1,
        2,
        3,
        4,
        5,
        6,
        7,
        8,
        9,
        10,
        11,
        12,
        13,
        14,
        15,
        16,
        17,
        18,
        19,
        20,
        21,
        22,
        23,
        24,
        25,
        26,
        27,
        28,
        29,
        30
    ],
    "rewards": [
        -0.04651145731144439,
        -0.05335578851619773,
        -0.05062856827809899,
        -0.049218236322973626,
        -0.04574414466566757,
        -0.04685192308530671,
        -0.04361827492411517,
        -0.05168265584318495,
        -0.047734865912007596,
        -0.043931992819660544,
        -0.04993922022130616,
        -0.045236915927898004,
        -0.04700485568931173,
        -0.050074916783712176,
        -0.04749292584636108,
        -0.04492304040417636,
        -0.04665130510215144,
        -0.04203728085334137,
        -0.04482927380040773,
        -0.04751703873773497,
        -0.04591883596830326,
        -0.04527401612413897,
        -0.0463370145547798,
        -0.04482686707927339,
        -0.041081965248672636,
        -0.041650671221602084,
        -0.04845047392220405,
        -0.04122347767427058,
        -0.04374451143138214,
        -0.04333221667366559
    ],
    "epsilons": [
        0.9964941427304151,
        0.993000576496025,
        0.9895192582062144,
        0.9860501449214379,
        0.98259319385269,
        0.9791483623609769,
        0.9757156079567916,
        0.9722948882995889,
        0.9688861611972636,
        0.9654893846056299,
        0.9621045166279033,
        0.9587315155141829,
        0.9553703396609374,
        0.9520209476104914,
        0.9486832980505141,
        0.9453573498135099,
        0.9420430618763108,
        0.9387403933595698,
        0.9354493035272572,
        0.932169751786158,
        0.9289016976853715,
        0.9256451009158114,
        0.9223999213097102,
        0.919166118840122,
        0.9159436536204303,
        0.912732485903855,
        0.9095325760829628,
        0.906343884689178,
        0.9031663723922967,
        0.9000000000000006
    ],
    "losses": [],
    "avg_queue_lengths": [
        0.4115625,
        0.4607291666666667,
        0.44979166666666665,
        0.4370833333333333,
        0.3934375,
        0.40697916666666667,
        0.37145833333333333,
        0.44208333333333333,
        0.42510416666666667,
        0.38447916666666665,
        0.46760416666666665,
        0.37583333333333335,
        0.3875,
        0.440625,
        0.413125,
        0.40375,
        0.39125,
        0.36010416666666667,
        0.37885416666666666,
        0.42020833333333335,
        0.3978125,
        0.38229166666666664,
        0.415625,
        0.4144791666666667,
        0.33979166666666666,
        0.33177083333333335,
        0.4423958333333333,
        0.34833333333333333,
        0.38114583333333335,
        0.37083333333333335
    ],
    "grid_overloads": [
        3367,
        3300,
        3556,
        3283,
        3481,
        3521,
        3407,
        3548,
        3401,
        3405,
        3376,
        3349,
        3489,
        3272,
        3128,
        3440,
        3529,
        3620,
        3460,
        3415,
        3463,
        3446,
        3322,
        3340,
        3287,
        3515,
        3250,
        3307,
        3243,
        3293
    ],
    "voltage_violations": [
        3367,
        3300,
        3556,
        3283,
        3481,
        3521,
        3407,
        3548,
        3401,
        3405,
        3376,
        3349,
        3489,
        3272,
        3128,
        3440,
        3529,
        3620,
        3460,
        3415,
        3463,
        3446,
        3322,
        3340,
        3287,
        3515,
        3250,
        3307,
        3243,
        3293
    ]
}