{
    "episodes": [
        1,
        2,
        3,
        4,
        5,
        6,
        7,
        8,
        9,
        10,
        11,
        12,
        13,
        14,
        15,
        16,
        17,
        18,
        19,
        20,
        21,
        22,
        23,
        24,
        25,
        26,
        27,
        28,
        29,
        30,
        31,
        32,
        33,
        34,
        35,
        36,
        37,
        38,
        39,
        40,
        41,
        42,
        43,
        44,
        45,
        46,
        47,
        48,
        49,
        50
    ],
    "rewards": [
        -0.14058720506001612,
        -0.13812678973976558,
        -0.12748627000319818,
        -0.12507413377241058,
        -0.11541917788659847,
        -0.11568193181353882,
        -0.11164019851260941,
        -0.10466245697829811,
        -0.1037396213674582,
        -0.09948116141960581,
        -0.1007823803440562,
        -0.08941070500300417,
        -0.08929038034563516,
        -0.08662043725316197,
        -0.08129986825625933,
        -0.08062902028418156,
        -0.08184309019622482,
        -0.08156110357613741,
        -0.08038360502396054,
        -0.07345848211801857,
        -0.07542855786218997,
        -0.07269663278345552,
        -0.06910418061729995,
        -0.0706576133252263,
        -0.06983677327970912,
        -0.06360662604081442,
        -0.0668492361927991,
        -0.06353316346706192,
        -0.06437744285915324,
        -0.06107831720214468,
        -0.060934004950299964,
        -0.05953449232750477,
        -0.05690267896685561,
        -0.05875148584892394,
        -0.05463294800543247,
        -0.05591105857212176,
        -0.053460997012082734,
        -0.05591543328975102,
        -0.05271111985851491,
        -0.052837487726448834,
        -0.0530299425491426,
        -0.05104786886081282,
        -0.0544172090152855,
        -0.049226252044266526,
        -0.051255806864010156,
        -0.04964789527619137,
        -0.05003282277442764,
        -0.04852372580656381,
        -0.04827567928357031,
        -0.046754847586782666
    ],
    "epsilons": [
        0.9418449208830277,
        0.8870718549931568,
        0.8354841210835904,
        0.7868964759210001,
        0.7411344491069477,
        0.6980337165828195,
        0.6574395105686315,
        0.6192060638168891,
        0.583196086185909,
        0.5492802716530589,
        0.5173368339976833,
        0.48725106948642405,
        0.4589149449906117,
        0.4322267100567217,
        0.40709053153690444,
        0.3834161494676055,
        0.36111855296059203,
        0.3401176749425623,
        0.3203381046471969,
        0.30170881682725825,
        0.28416291671438093,
        0.2676373998107465,
        0.2520729256500918,
        0.23741360471566406,
        0.22360679774997905,
        0.2106029267357362,
        0.19835529686915354,
        0.1868199288864574,
        0.17595540114143834,
        0.16572270086699942,
        0.15608508408660074,
        0.1470079436725652,
        0.13845868507746376,
        0.1304066092923519,
        0.12282280261157909,
        0.11568003280833444,
        0.1089526513481118,
        0.10261650128895847,
        0.0966488305377922,
        0.09102821015130405,
        0.08573445738807858,
        0.08074856323562418,
        0.07605262415207462,
        0.07162977777745737,
        0.06746414238367819,
        0.0635407598457967,
        0.059845541929811855,
        0.05636521970408556,
        0.053087295892748944,
        0.05000000000000001
    ],
    "losses": [],
    "avg_queue_lengths": [
        0.36942708333333335,
        0.38739583333333333,
        0.3759375,
        0.36890625,
        0.34234375,
        0.3703125,
        0.37083333333333335,
        0.35552083333333334,
        0.36822916666666666,
        0.36932291666666667,
        0.37213541666666666,
        0.36651041666666667,
        0.35932291666666666,
        0.36984375,
        0.3644791666666667,
        0.38015625,
        0.37895833333333334,
        0.3904166666666667,
        0.40109375,
        0.3921354166666667,
        0.39567708333333335,
        0.3971354166666667,
        0.38994791666666667,
        0.430625,
        0.41463541666666665,
        0.39505208333333336,
        0.41125,
        0.4050520833333333,
        0.43526041666666665,
        0.4169791666666667,
        0.40479166666666666,
        0.4113541666666667,
        0.4084375,
        0.41239583333333335,
        0.39380208333333333,
        0.41890625,
        0.399375,
        0.4183854166666667,
        0.41890625,
        0.41515625,
        0.41921875,
        0.40817708333333336,
        0.43052083333333335,
        0.41239583333333335,
        0.42052083333333334,
        0.42234375,
        0.4156770833333333,
        0.40671875,
        0.4153125,
        0.4053125
    ],
    "grid_overloads": [
        50400,
        50400,
        50400,
        50400,
        50400,
        50400,
        50400,
        50400,
        50400,
        50400,
        50400,
        50400,
        50400,
        50400,
        50400,
        50400,
        50400,
        50400,
        50400,
        50400,
        50400,
        50400,
        50400,
        50400,
        50400,
        50400,
        50400,
        50400,
        50400,
        50400,
        50400,
        50400,
        50400,
        50400,
        50400,
        50400,
        50400,
        50400,
        50400,
        50400,
        50400,
        50400,
        50400,
        50400,
        50400,
        50400,
        50400,
        50400,
        50400,
        50400
    ],
    "voltage_violations": [
        50400,
        50400,
        50400,
        50400,
        50400,
        50400,
        50400,
        50400,
        50400,
        50400,
        50400,
        50400,
        50400,
        50400,
        50400,
        50400,
        50400,
        50400,
        50400,
        50400,
        50400,
        50400,
        50400,
        50400,
        50400,
        50400,
        50400,
        50400,
        50400,
        50400,
        50400,
        50400,
        50400,
        50400,
        50400,
        50400,
        50400,
        50400,
        50400,
        50400,
        50400,
        50400,
        50400,
        50400,
        50400,
        50400,
        50400,
        50400,
        50400,
        50400
    ]
}