{
    "episodes": [
        1,
        2,
        3,
        4,
        5,
        6,
        7,
        8,
        9,
        10,
        11,
        12,
        13,
        14,
        15,
        16,
        17,
        18,
        19,
        20,
        21,
        22,
        23,
        24,
        25,
        26,
        27,
        28,
        29,
        30,
        31,
        32,
        33,
        34,
        35,
        36,
        37,
        38,
        39,
        40,
        41,
        42,
        43,
        44,
        45,
        46,
        47,
        48,
        49,
        50
    ],
    "rewards": [
        -0.17921950939860518,
        -0.16421753415828652,
        -0.1414163206789424,
        -0.14509411159709687,
        -0.11687428684506213,
        -0.11287741949731563,
        -0.10443073379242908,
        -0.08739726218943715,
        -0.09533460134665961,
        -0.08831544660057138,
        -0.07637257442866276,
        -0.07614367138242172,
        -0.06177693984043003,
        -0.0763870747459128,
        -0.06090796402120067,
        -0.061485653991887344,
        -0.0505466385542404,
        -0.047093041292016205,
        -0.0539245384978667,
        -0.04214713186427926,
        -0.04378551760215183,
        -0.03954706849083555,
        -0.036425287095637825,
        -0.03534458642427302,
        -0.03625801219128656,
        -0.03327946398344789,
        -0.02937185642500455,
        -0.031408762620690193,
        -0.031039668441780414,
        -0.027084595237801788,
        -0.025071476714383104,
        -0.024761834000294816,
        -0.023225052068434286,
        -0.02345904106506786,
        -0.02207547860960407,
        -0.022317996081124593,
        -0.024627032164667807,
        -0.020703982894104363,
        -0.019060220173879296,
        -0.018390076229992537,
        -0.01645644932481133,
        -0.016375830079073343,
        -0.01908262312492171,
        -0.016044287571817407,
        -0.016701394950766866,
        -0.015144618326455993,
        -0.015886546079735317,
        -0.014648670619946765,
        -0.01525987284605588,
        -0.013632057618403741
    ],
    "epsilons": [
        0.9418449208830277,
        0.8870718549931568,
        0.8354841210835904,
        0.7868964759210001,
        0.7411344491069477,
        0.6980337165828195,
        0.6574395105686315,
        0.6192060638168891,
        0.583196086185909,
        0.5492802716530589,
        0.5173368339976833,
        0.48725106948642405,
        0.4589149449906117,
        0.4322267100567217,
        0.40709053153690444,
        0.3834161494676055,
        0.36111855296059203,
        0.3401176749425623,
        0.3203381046471969,
        0.30170881682725825,
        0.28416291671438093,
        0.2676373998107465,
        0.2520729256500918,
        0.23741360471566406,
        0.22360679774997905,
        0.2106029267357362,
        0.19835529686915354,
        0.1868199288864574,
        0.17595540114143834,
        0.16572270086699942,
        0.15608508408660074,
        0.1470079436725652,
        0.13845868507746376,
        0.1304066092923519,
        0.12282280261157909,
        0.11568003280833444,
        0.1089526513481118,
        0.10261650128895847,
        0.0966488305377922,
        0.09102821015130405,
        0.08573445738807858,
        0.08074856323562418,
        0.07605262415207462,
        0.07162977777745737,
        0.06746414238367819,
        0.0635407598457967,
        0.059845541929811855,
        0.05636521970408556,
        0.053087295892748944,
        0.05000000000000001
    ],
    "losses": [],
    "avg_queue_lengths": [
        0.4465625,
        0.4053645833333333,
        0.3544791666666667,
        0.3868229166666667,
        0.33677083333333335,
        0.3115104166666667,
        0.29713541666666665,
        0.261875,
        0.28875,
        0.27427083333333335,
        0.2434375,
        0.25416666666666665,
        0.21505208333333334,
        0.24911458333333333,
        0.22520833333333334,
        0.23625,
        0.20390625,
        0.20109375,
        0.213125,
        0.1821875,
        0.20223958333333333,
        0.17526041666666667,
        0.18635416666666665,
        0.19197916666666667,
        0.1965625,
        0.1859375,
        0.169375,
        0.17166666666666666,
        0.20979166666666665,
        0.15984375,
        0.16979166666666667,
        0.166875,
        0.1534375,
        0.16796875,
        0.1596875,
        0.15526041666666668,
        0.18885416666666666,
        0.16208333333333333,
        0.15526041666666668,
        0.16822916666666668,
        0.14541666666666667,
        0.16619791666666667,
        0.1746875,
        0.1471875,
        0.17057291666666666,
        0.15973958333333332,
        0.15260416666666668,
        0.16385416666666666,
        0.14151041666666667,
        0.14682291666666666
    ],
    "grid_overloads": [
        50400,
        50400,
        50400,
        50400,
        50400,
        50400,
        50400,
        50400,
        50400,
        50400,
        50400,
        50400,
        50400,
        50400,
        50400,
        50400,
        50400,
        50400,
        50400,
        50400,
        50400,
        50400,
        50400,
        50400,
        50400,
        50400,
        50400,
        50400,
        50400,
        50400,
        50400,
        50400,
        50400,
        50400,
        50400,
        50400,
        50400,
        50400,
        50400,
        50400,
        50400,
        50400,
        50400,
        50400,
        50400,
        50400,
        50400,
        50400,
        50400,
        50400
    ],
    "voltage_violations": [
        50400,
        50400,
        50400,
        50400,
        50400,
        50400,
        50400,
        50400,
        50400,
        50400,
        50400,
        50400,
        50400,
        50400,
        50400,
        50400,
        50400,
        50400,
        50400,
        50400,
        50400,
        50400,
        50400,
        50400,
        50400,
        50400,
        50400,
        50400,
        50400,
        50400,
        50400,
        50400,
        50400,
        50400,
        50400,
        50400,
        50400,
        50400,
        50400,
        50400,
        50400,
        50400,
        50400,
        50400,
        50400,
        50400,
        50400,
        50400,
        50400,
        50400
    ]
}