{
  "grid_cost_scale": 300.0,
  "seed": 0,
  "baseline": {
    "travel_time_cost_per_veh": 6.883411252099823,
    "charge_time_cost_per_veh": 482.25499999999937,
    "wait_time_cost_per_veh": 125.96,
    "charging_fee_per_veh": 182.6480424332914,
    "total_charging_cost_per_veh": 797.7464536853906,
    "avg_wait_time_min": 345.4196587095902,
    "evs_in_line": 4.198666666666666,
    "end_evs_in_line": 0.0,
    "started_charge_sessions": 400.0,
    "completed_charge_sessions": 400.0,
    "total_energy_charged_kwh": 17347.535466173336,
    "abandoned_evs": 55.4,
    "incomplete_evs": 0.0,
    "distribution_network_cost_cny": 5901.115,
    "accumulated_voltage_excursion_pu": 143.65344,
    "total_line_losses_kwh": 6.30657,
    "evaluation_steps": 600.0,
    "queue_time_h_mean": 0.7662669048810118,
    "trip_time_h_mean": 0.04873303458559021,
    "voltage_violation_step_ratio": 0.5211666666666667
  },
  "cheat": {
    "travel_time_cost_per_veh": 9.093337246065463,
    "charge_time_cost_per_veh": 484.64999999999935,
    "wait_time_cost_per_veh": 122.18499999999999,
    "charging_fee_per_veh": 183.0001710546307,
    "total_charging_cost_per_veh": 798.9285083006955,
    "avg_wait_time_min": 332.629617837015,
    "evs_in_line": 4.072833333333333,
    "end_evs_in_line": 0.0,
    "started_charge_sessions": 400.0,
    "completed_charge_sessions": 400.0,
    "total_energy_charged_kwh": 17357.703413973468,
    "abandoned_evs": 55.5,
    "incomplete_evs": 0.0,
    "distribution_network_cost_cny": 5905.7789999999995,
    "accumulated_voltage_excursion_pu": 140.38353999999998,
    "total_line_losses_kwh": 6.17474,
    "evaluation_steps": 600.0,
    "queue_time_h_mean": 0.7445528185571941,
    "trip_time_h_mean": 0.06429098316980673,
    "voltage_violation_step_ratio": 0.5121666666666667
  }
}