{
    "episodes": [
        1,
        2,
        3,
        4,
        5,
        6,
        7,
        8,
        9,
        10,
        11,
        12,
        13,
        14,
        15,
        16,
        17,
        18,
        19,
        20,
        21,
        22,
        23,
        24,
        25,
        26,
        27,
        28,
        29,
        30
    ],
    "rewards": [
        -0.10854554468546829,
        -0.12452016734653588,
        -0.12211268941085231,
        -0.11543775111722976,
        -0.11174951922817472,
        -0.11345757219836912,
        -0.11344543515697936,
        -0.10781261054875639,
        -0.10680987625000292,
        -0.10349467274095553,
        -0.10524706010226438,
        -0.10720312079689029,
        -0.11179737541063992,
        -0.11161843876682576,
        -0.11222421689020264,
        -0.1100451047516116,
        -0.11076788976182218,
        -0.11836983667404222,
        -0.10596713197826996,
        -0.10322015114504883,
        -0.0913553837744134,
        -0.10354411859938162,
        -0.10958451035450392,
        -0.09598927123505122,
        -0.0984452676750911,
        -0.10050217093063443,
        -0.10176922607004267,
        -0.09694265044298424,
        -0.10320035959999599,
        -0.09896386553010442
    ],
    "epsilons": [
        0.9964941427304151,
        0.993000576496025,
        0.9895192582062144,
        0.9860501449214379,
        0.98259319385269,
        0.9791483623609769,
        0.9757156079567916,
        0.9722948882995889,
        0.9688861611972636,
        0.9654893846056299,
        0.9621045166279033,
        0.9587315155141829,
        0.9553703396609374,
        0.9520209476104914,
        0.9486832980505141,
        0.9453573498135099,
        0.9420430618763108,
        0.9387403933595698,
        0.9354493035272572,
        0.932169751786158,
        0.9289016976853715,
        0.9256451009158114,
        0.9223999213097102,
        0.919166118840122,
        0.9159436536204303,
        0.912732485903855,
        0.9095325760829628,
        0.906343884689178,
        0.9031663723922967,
        0.9000000000000006
    ],
    "losses": [],
    "avg_queue_lengths": [
        0.4115625,
        0.46489583333333334,
        0.42302083333333335,
        0.4322916666666667,
        0.43864583333333335,
        0.4163541666666667,
        0.4103125,
        0.39697916666666666,
        0.40770833333333334,
        0.3807291666666667,
        0.43145833333333333,
        0.4121875,
        0.44635416666666666,
        0.4421875,
        0.4248958333333333,
        0.4295833333333333,
        0.3720833333333333,
        0.48614583333333333,
        0.39375,
        0.3878125,
        0.3403125,
        0.403125,
        0.4432291666666667,
        0.36072916666666666,
        0.39666666666666667,
        0.4253125,
        0.4117708333333333,
        0.35770833333333335,
        0.38479166666666664,
        0.3595833333333333
    ],
    "grid_overloads": [
        3367,
        3557,
        3555,
        3327,
        3382,
        3480,
        3476,
        3338,
        3213,
        3186,
        3019,
        3394,
        3279,
        3240,
        3308,
        3343,
        3399,
        3416,
        3176,
        3358,
        3015,
        3302,
        3002,
        3169,
        3119,
        3068,
        3037,
        3252,
        3275,
        3226
    ],
    "voltage_violations": [
        3367,
        3557,
        3555,
        3327,
        3382,
        3480,
        3476,
        3338,
        3213,
        3186,
        3019,
        3394,
        3279,
        3240,
        3308,
        3343,
        3399,
        3416,
        3176,
        3358,
        3015,
        3302,
        3002,
        3169,
        3119,
        3068,
        3037,
        3252,
        3275,
        3226
    ]
}