{
    "episodes": [
        1,
        2,
        3,
        4,
        5,
        6,
        7,
        8,
        9,
        10,
        11,
        12,
        13,
        14,
        15,
        16,
        17,
        18,
        19,
        20,
        21,
        22,
        23,
        24,
        25,
        26,
        27,
        28,
        29,
        30,
        31,
        32,
        33,
        34,
        35,
        36,
        37,
        38,
        39,
        40,
        41,
        42,
        43,
        44,
        45,
        46,
        47,
        48,
        49,
        50
    ],
    "rewards": [
        -0.13771844363813554,
        -0.1294312117874588,
        -0.11787985863337604,
        -0.11796115332696835,
        -0.114598249799678,
        -0.11158882263514282,
        -0.11373565470934455,
        -0.10297465051562861,
        -0.10637558917354882,
        -0.10177984671762441,
        -0.10244235572002959,
        -0.09782978324447995,
        -0.10168795055478506,
        -0.09737777809500119,
        -0.09483811803115838,
        -0.09734843804381649,
        -0.09524211878739035,
        -0.09548656370874917,
        -0.09547812455460031,
        -0.09216959554224997,
        -0.09336936812884174,
        -0.0948632995345466,
        -0.09292677532060437,
        -0.0905304487503116,
        -0.09294514199795738,
        -0.09355503317758655,
        -0.09165568151822173,
        -0.0930981818733777,
        -0.09300912756163078,
        -0.09129276763202245,
        -0.09184362142994582,
        -0.0919661729337549,
        -0.09234593043464435,
        -0.09223080817369808,
        -0.09095527344638157,
        -0.09134822944181781,
        -0.08998902559438586,
        -0.09194471863310517,
        -0.09159806483586815,
        -0.09266793177878423,
        -0.09017189943350701,
        -0.09531197722382198,
        -0.0900776259239582,
        -0.09071785666786124,
        -0.09422364523700673,
        -0.09275995034374242,
        -0.0912702469428414,
        -0.09230845694383717,
        -0.09384056674610465,
        -0.09000113387961943
    ],
    "epsilons": [
        0.9418449208830277,
        0.8870718549931568,
        0.8354841210835904,
        0.7868964759210001,
        0.7411344491069477,
        0.6980337165828195,
        0.6574395105686315,
        0.6192060638168891,
        0.583196086185909,
        0.5492802716530589,
        0.5173368339976833,
        0.48725106948642405,
        0.4589149449906117,
        0.4322267100567217,
        0.40709053153690444,
        0.3834161494676055,
        0.36111855296059203,
        0.3401176749425623,
        0.3203381046471969,
        0.30170881682725825,
        0.28416291671438093,
        0.2676373998107465,
        0.2520729256500918,
        0.23741360471566406,
        0.22360679774997905,
        0.2106029267357362,
        0.19835529686915354,
        0.1868199288864574,
        0.17595540114143834,
        0.16572270086699942,
        0.15608508408660074,
        0.1470079436725652,
        0.13845868507746376,
        0.1304066092923519,
        0.12282280261157909,
        0.11568003280833444,
        0.1089526513481118,
        0.10261650128895847,
        0.0966488305377922,
        0.09102821015130405,
        0.08573445738807858,
        0.08074856323562418,
        0.07605262415207462,
        0.07162977777745737,
        0.06746414238367819,
        0.0635407598457967,
        0.059845541929811855,
        0.05636521970408556,
        0.053087295892748944,
        0.05000000000000001
    ],
    "losses": [],
    "avg_queue_lengths": [
        0.4465625,
        0.4390104166666667,
        0.3916145833333333,
        0.4078645833333333,
        0.4461979166666667,
        0.42765625,
        0.491875,
        0.44609375,
        0.4830729166666667,
        0.48630208333333336,
        0.49640625,
        0.4895833333333333,
        0.5600520833333333,
        0.5396354166666667,
        0.5411979166666666,
        0.5541666666666667,
        0.55109375,
        0.5851041666666666,
        0.5889583333333334,
        0.58265625,
        0.5831770833333333,
        0.6141145833333334,
        0.61078125,
        0.620625,
        0.6305729166666667,
        0.6130208333333333,
        0.6305208333333333,
        0.649375,
        0.6576041666666667,
        0.6356770833333333,
        0.6494270833333333,
        0.6613541666666667,
        0.65828125,
        0.6641145833333333,
        0.65703125,
        0.6627604166666666,
        0.6716666666666666,
        0.6664583333333334,
        0.6713020833333333,
        0.6890625,
        0.6633333333333333,
        0.7231770833333333,
        0.67046875,
        0.688125,
        0.6911458333333333,
        0.6931770833333334,
        0.68328125,
        0.6922395833333334,
        0.7040625,
        0.6780208333333333
    ],
    "grid_overloads": [
        50400,
        50400,
        50400,
        50400,
        50400,
        50400,
        50400,
        50400,
        50400,
        50400,
        50400,
        50400,
        50400,
        50400,
        50400,
        50400,
        50400,
        50400,
        50400,
        50400,
        50400,
        50400,
        50400,
        50400,
        50400,
        50400,
        50400,
        50400,
        50400,
        50400,
        50400,
        50400,
        50400,
        50400,
        50400,
        50400,
        50400,
        50400,
        50400,
        50400,
        50400,
        50400,
        50400,
        50400,
        50400,
        50400,
        50400,
        50400,
        50400,
        50400
    ],
    "voltage_violations": [
        50400,
        50400,
        50400,
        50400,
        50400,
        50400,
        50400,
        50400,
        50400,
        50400,
        50400,
        50400,
        50400,
        50400,
        50400,
        50400,
        50400,
        50400,
        50400,
        50400,
        50400,
        50400,
        50400,
        50400,
        50400,
        50400,
        50400,
        50400,
        50400,
        50400,
        50400,
        50400,
        50400,
        50400,
        50400,
        50400,
        50400,
        50400,
        50400,
        50400,
        50400,
        50400,
        50400,
        50400,
        50400,
        50400,
        50400,
        50400,
        50400,
        50400
    ]
}