{
    "episodes": [
        1,
        2,
        3,
        4,
        5,
        6,
        7,
        8,
        9,
        10,
        11,
        12,
        13,
        14,
        15,
        16,
        17,
        18,
        19,
        20,
        21,
        22,
        23,
        24,
        25,
        26,
        27,
        28,
        29,
        30
    ],
    "rewards": [
        -0.09644899295680875,
        -0.09347478357255207,
        -0.09577969461983099,
        -0.0963331401743536,
        -0.09618022884227245,
        -0.09503234546131666,
        -0.09709023232181514,
        -0.09727981607317458,
        -0.09599563994635747,
        -0.09549448945443305,
        -0.09349065582139135,
        -0.09796886752516284,
        -0.0953829445589983,
        -0.09568165921329769,
        -0.0960305407697829,
        -0.09367806609148124,
        -0.09607948568900257,
        -0.09486278076667015,
        -0.09382229648201981,
        -0.09442068402961006,
        -0.09508983280770059,
        -0.09303362204548601,
        -0.09499927047755673,
        -0.09423189273891398,
        -0.09308737006325503,
        -0.0920355306653982,
        -0.09578604239772165,
        -0.09619180731471913,
        -0.0933119139561869,
        -0.09360080992798644
    ],
    "epsilons": [
        0.9964941427304151,
        0.993000576496025,
        0.9895192582062144,
        0.9860501449214379,
        0.98259319385269,
        0.9791483623609769,
        0.9757156079567916,
        0.9722948882995889,
        0.9688861611972636,
        0.9654893846056299,
        0.9621045166279033,
        0.9587315155141829,
        0.9553703396609374,
        0.9520209476104914,
        0.9486832980505141,
        0.9453573498135099,
        0.9420430618763108,
        0.9387403933595698,
        0.9354493035272572,
        0.932169751786158,
        0.9289016976853715,
        0.9256451009158114,
        0.9223999213097102,
        0.919166118840122,
        0.9159436536204303,
        0.912732485903855,
        0.9095325760829628,
        0.906343884689178,
        0.9031663723922967,
        0.9000000000000006
    ],
    "losses": [],
    "avg_queue_lengths": [
        0.1725,
        0.1821875,
        0.17885416666666668,
        0.17239583333333333,
        0.164375,
        0.2034375,
        0.19375,
        0.16447916666666668,
        0.1765625,
        0.165625,
        0.18697916666666667,
        0.19416666666666665,
        0.16447916666666668,
        0.15354166666666666,
        0.17447916666666666,
        0.19979166666666667,
        0.151875,
        0.1825,
        0.16947916666666665,
        0.17010416666666667,
        0.16302083333333334,
        0.16114583333333332,
        0.1703125,
        0.18083333333333335,
        0.17885416666666668,
        0.17875,
        0.17833333333333334,
        0.15875,
        0.185,
        0.17614583333333333
    ],
    "grid_overloads": [
        25200,
        25200,
        25200,
        25200,
        25200,
        25200,
        25200,
        25200,
        25200,
        25200,
        25200,
        25200,
        25200,
        25200,
        25200,
        25200,
        25200,
        25200,
        25200,
        25200,
        25200,
        25200,
        25200,
        25200,
        25200,
        25200,
        25200,
        25200,
        25200,
        25200
    ],
    "voltage_violations": [
        25200,
        25200,
        25200,
        25200,
        25200,
        25200,
        25200,
        25200,
        25200,
        25200,
        25200,
        25200,
        25200,
        25200,
        25200,
        25200,
        25200,
        25200,
        25200,
        25200,
        25200,
        25200,
        25200,
        25200,
        25200,
        25200,
        25200,
        25200,
        25200,
        25200
    ]
}