{
    "episodes": [
        1,
        2,
        3,
        4,
        5,
        6,
        7,
        8,
        9,
        10,
        11,
        12,
        13,
        14,
        15,
        16,
        17,
        18,
        19,
        20,
        21,
        22,
        23,
        24,
        25,
        26,
        27,
        28,
        29,
        30
    ],
    "rewards": [
        -0.1304483753948662,
        -0.14832979238924562,
        -0.14436769738611405,
        -0.12913686322149037,
        -0.1357445323694936,
        -0.14472244555548175,
        -0.12623262618284284,
        -0.13780756409676045,
        -0.13751538522404974,
        -0.13319479980227902,
        -0.13929479329715255,
        -0.12922693311979988,
        -0.12649137872430327,
        -0.13199306625037374,
        -0.13306280325494382,
        -0.13857056402176576,
        -0.11998572044723922,
        -0.12405484156036423,
        -0.13000315175053928,
        -0.12939421853755456,
        -0.12579979483044768,
        -0.12310247077531586,
        -0.13084958382505754,
        -0.12941298477828028,
        -0.13795191551483119,
        -0.12472645567508275,
        -0.12062452781616681,
        -0.12937240392236268,
        -0.1281273007722558,
        -0.12499807313022261
    ],
    "epsilons": [
        0.9964941427304151,
        0.993000576496025,
        0.9895192582062144,
        0.9860501449214379,
        0.98259319385269,
        0.9791483623609769,
        0.9757156079567916,
        0.9722948882995889,
        0.9688861611972636,
        0.9654893846056299,
        0.9621045166279033,
        0.9587315155141829,
        0.9553703396609374,
        0.9520209476104914,
        0.9486832980505141,
        0.9453573498135099,
        0.9420430618763108,
        0.9387403933595698,
        0.9354493035272572,
        0.932169751786158,
        0.9289016976853715,
        0.9256451009158114,
        0.9223999213097102,
        0.919166118840122,
        0.9159436536204303,
        0.912732485903855,
        0.9095325760829628,
        0.906343884689178,
        0.9031663723922967,
        0.9000000000000006
    ],
    "losses": [],
    "avg_queue_lengths": [
        0.4115625,
        0.5225,
        0.49645833333333333,
        0.39989583333333334,
        0.41125,
        0.505,
        0.37583333333333335,
        0.45114583333333336,
        0.4634375,
        0.44333333333333336,
        0.4580208333333333,
        0.38135416666666666,
        0.38885416666666667,
        0.47270833333333334,
        0.4521875,
        0.4761458333333333,
        0.33927083333333335,
        0.38447916666666665,
        0.45197916666666665,
        0.40041666666666664,
        0.386875,
        0.4008333333333333,
        0.4663541666666667,
        0.385,
        0.4946875,
        0.43333333333333335,
        0.43125,
        0.42041666666666666,
        0.45125,
        0.42802083333333335
    ],
    "grid_overloads": [
        25200,
        25200,
        25200,
        25200,
        25200,
        25200,
        25200,
        25200,
        25200,
        25200,
        25200,
        25200,
        25200,
        25200,
        25200,
        25200,
        25200,
        25200,
        25200,
        25200,
        25200,
        25200,
        25200,
        25200,
        25200,
        25200,
        25200,
        25200,
        25200,
        25200
    ],
    "voltage_violations": [
        25200,
        25200,
        25200,
        25200,
        25200,
        25200,
        25200,
        25200,
        25200,
        25200,
        25200,
        25200,
        25200,
        25200,
        25200,
        25200,
        25200,
        25200,
        25200,
        25200,
        25200,
        25200,
        25200,
        25200,
        25200,
        25200,
        25200,
        25200,
        25200,
        25200
    ]
}