{
    "episodes": [
        1,
        2,
        3,
        4,
        5,
        6,
        7,
        8,
        9,
        10,
        11,
        12,
        13,
        14,
        15,
        16,
        17,
        18,
        19,
        20,
        21,
        22,
        23,
        24,
        25,
        26,
        27,
        28,
        29,
        30
    ],
    "rewards": [
        -0.169997338138225,
        -0.19494800281989227,
        -0.18506884800567325,
        -0.18310374072904928,
        -0.14221724883886971,
        -0.2111031975821203,
        -0.17501637141876603,
        -0.18689235673102833,
        -0.16927091129294775,
        -0.19112853295843388,
        -0.18883543850072412,
        -0.15366643896699483,
        -0.14831104682511634,
        -0.17468665266351593,
        -0.14316355669624062,
        -0.16195748049045344,
        -0.16539494949651817,
        -0.16292419691677854,
        -0.1355132525378678,
        -0.1391449527187674,
        -0.18977847943360301,
        -0.14607571704315184,
        -0.1826591812112939,
        -0.16386477567062274,
        -0.15954185330346865,
        -0.1641349441886041,
        -0.14483318542170925,
        -0.18036611707888456,
        -0.1602152182228638,
        -0.1237353068168097
    ],
    "epsilons": [
        0.9964941427304151,
        0.993000576496025,
        0.9895192582062144,
        0.9860501449214379,
        0.98259319385269,
        0.9791483623609769,
        0.9757156079567916,
        0.9722948882995889,
        0.9688861611972636,
        0.9654893846056299,
        0.9621045166279033,
        0.9587315155141829,
        0.9553703396609374,
        0.9520209476104914,
        0.9486832980505141,
        0.9453573498135099,
        0.9420430618763108,
        0.9387403933595698,
        0.9354493035272572,
        0.932169751786158,
        0.9289016976853715,
        0.9256451009158114,
        0.9223999213097102,
        0.919166118840122,
        0.9159436536204303,
        0.912732485903855,
        0.9095325760829628,
        0.906343884689178,
        0.9031663723922967,
        0.9000000000000006
    ],
    "losses": [],
    "avg_queue_lengths": [
        0.4115625,
        0.4809375,
        0.4632291666666667,
        0.4477083333333333,
        0.35010416666666666,
        0.5230208333333334,
        0.41739583333333335,
        0.4515625,
        0.4165625,
        0.4945833333333333,
        0.478125,
        0.3815625,
        0.3569791666666667,
        0.4608333333333333,
        0.37364583333333334,
        0.41322916666666665,
        0.42541666666666667,
        0.39,
        0.32197916666666665,
        0.35302083333333334,
        0.4813541666666667,
        0.3784375,
        0.46739583333333334,
        0.42875,
        0.4190625,
        0.40166666666666667,
        0.37072916666666667,
        0.46447916666666667,
        0.3871875,
        0.3275
    ],
    "grid_overloads": [
        3367,
        3188,
        3531,
        3431,
        3359,
        3360,
        3544,
        3388,
        3183,
        3248,
        3337,
        3429,
        3389,
        3546,
        3273,
        3495,
        3464,
        3461,
        3242,
        3576,
        3669,
        3528,
        3571,
        3349,
        3526,
        3292,
        3582,
        3449,
        3463,
        3588
    ],
    "voltage_violations": [
        3367,
        3188,
        3531,
        3431,
        3359,
        3360,
        3544,
        3388,
        3183,
        3248,
        3337,
        3429,
        3389,
        3546,
        3273,
        3495,
        3464,
        3461,
        3242,
        3576,
        3669,
        3528,
        3571,
        3349,
        3526,
        3292,
        3582,
        3449,
        3463,
        3588
    ]
}