{
    "episodes": [
        1,
        2,
        3,
        4,
        5,
        6,
        7,
        8,
        9,
        10,
        11,
        12,
        13,
        14,
        15,
        16,
        17,
        18,
        19,
        20,
        21,
        22,
        23,
        24,
        25,
        26,
        27,
        28,
        29,
        30,
        31,
        32,
        33,
        34,
        35,
        36,
        37,
        38,
        39,
        40,
        41,
        42,
        43,
        44,
        45,
        46,
        47,
        48,
        49,
        50
    ],
    "rewards": [
        -0.10370528425051351,
        -0.10003523190799406,
        -0.09761947941026161,
        -0.09434343005215026,
        -0.09434523310572332,
        -0.0904092194640169,
        -0.08877452257042852,
        -0.08312644444995472,
        -0.08285657400700706,
        -0.08147270731010348,
        -0.08187098964357949,
        -0.08173051421261625,
        -0.07620301084213223,
        -0.07522954949196005,
        -0.0708187642259647,
        -0.07137395605818636,
        -0.06901945471624993,
        -0.06841877316810889,
        -0.06746573132548894,
        -0.06485517525828778,
        -0.062442328687959556,
        -0.0627783147291217,
        -0.06158832938125494,
        -0.05978428564292477,
        -0.05919384646038814,
        -0.05900056465104645,
        -0.0585501965028782,
        -0.05762805626823986,
        -0.05473278302846331,
        -0.05660104089872377,
        -0.05490941948599716,
        -0.05341283547602305,
        -0.052804676929728366,
        -0.05329171734686405,
        -0.0501762638196537,
        -0.05094229402847209,
        -0.0524130802272809,
        -0.04908671125313428,
        -0.050242830606034836,
        -0.05249006794613009,
        -0.05028056515252194,
        -0.049869253804434875,
        -0.04914273694105783,
        -0.047677205317669606,
        -0.04827503675170703,
        -0.04649930944822063,
        -0.04623969628372625,
        -0.046709104559583645,
        -0.045335091446590814,
        -0.045631182465713
    ],
    "epsilons": [
        0.9418449208830277,
        0.8870718549931568,
        0.8354841210835904,
        0.7868964759210001,
        0.7411344491069477,
        0.6980337165828195,
        0.6574395105686315,
        0.6192060638168891,
        0.583196086185909,
        0.5492802716530589,
        0.5173368339976833,
        0.48725106948642405,
        0.4589149449906117,
        0.4322267100567217,
        0.40709053153690444,
        0.3834161494676055,
        0.36111855296059203,
        0.3401176749425623,
        0.3203381046471969,
        0.30170881682725825,
        0.28416291671438093,
        0.2676373998107465,
        0.2520729256500918,
        0.23741360471566406,
        0.22360679774997905,
        0.2106029267357362,
        0.19835529686915354,
        0.1868199288864574,
        0.17595540114143834,
        0.16572270086699942,
        0.15608508408660074,
        0.1470079436725652,
        0.13845868507746376,
        0.1304066092923519,
        0.12282280261157909,
        0.11568003280833444,
        0.1089526513481118,
        0.10261650128895847,
        0.0966488305377922,
        0.09102821015130405,
        0.08573445738807858,
        0.08074856323562418,
        0.07605262415207462,
        0.07162977777745737,
        0.06746414238367819,
        0.0635407598457967,
        0.059845541929811855,
        0.05636521970408556,
        0.053087295892748944,
        0.05000000000000001
    ],
    "losses": [],
    "avg_queue_lengths": [
        0.25817708333333333,
        0.27369791666666665,
        0.266875,
        0.26697916666666666,
        0.2941666666666667,
        0.281875,
        0.31588541666666664,
        0.28098958333333335,
        0.29880208333333336,
        0.29885416666666664,
        0.31666666666666665,
        0.33520833333333333,
        0.3266145833333333,
        0.3246875,
        0.33453125,
        0.33578125,
        0.35546875,
        0.3511458333333333,
        0.36828125,
        0.35802083333333334,
        0.35479166666666667,
        0.3597916666666667,
        0.37578125,
        0.38625,
        0.37734375,
        0.3644791666666667,
        0.38744791666666667,
        0.3871354166666667,
        0.37052083333333335,
        0.4003125,
        0.3946875,
        0.3965625,
        0.3974479166666667,
        0.38697916666666665,
        0.3984375,
        0.4066666666666667,
        0.40567708333333335,
        0.3965625,
        0.39546875,
        0.39786458333333335,
        0.3949479166666667,
        0.3826041666666667,
        0.4115625,
        0.40239583333333334,
        0.39380208333333333,
        0.39739583333333334,
        0.414375,
        0.3932291666666667,
        0.39,
        0.3902083333333333
    ],
    "grid_overloads": [
        50400,
        50400,
        50400,
        50400,
        50400,
        50400,
        50400,
        50400,
        50400,
        50400,
        50400,
        50400,
        50400,
        50400,
        50400,
        50400,
        50400,
        50400,
        50400,
        50400,
        50400,
        50400,
        50400,
        50400,
        50400,
        50400,
        50400,
        50400,
        50400,
        50400,
        50400,
        50400,
        50400,
        50400,
        50400,
        50400,
        50400,
        50400,
        50400,
        50400,
        50400,
        50400,
        50400,
        50400,
        50400,
        50400,
        50400,
        50400,
        50400,
        50400
    ],
    "voltage_violations": [
        50400,
        50400,
        50400,
        50400,
        50400,
        50400,
        50400,
        50400,
        50400,
        50400,
        50400,
        50400,
        50400,
        50400,
        50400,
        50400,
        50400,
        50400,
        50400,
        50400,
        50400,
        50400,
        50400,
        50400,
        50400,
        50400,
        50400,
        50400,
        50400,
        50400,
        50400,
        50400,
        50400,
        50400,
        50400,
        50400,
        50400,
        50400,
        50400,
        50400,
        50400,
        50400,
        50400,
        50400,
        50400,
        50400,
        50400,
        50400,
        50400,
        50400
    ]
}