{
    "episodes": [
        1,
        2,
        3,
        4,
        5,
        6,
        7,
        8,
        9,
        10,
        11,
        12,
        13,
        14,
        15,
        16,
        17,
        18,
        19,
        20,
        21,
        22,
        23,
        24,
        25,
        26,
        27,
        28,
        29,
        30,
        31,
        32,
        33,
        34,
        35,
        36,
        37,
        38,
        39,
        40,
        41,
        42,
        43,
        44,
        45,
        46,
        47,
        48,
        49,
        50
    ],
    "rewards": [
        -0.14780717986463757,
        -0.13571943099416892,
        -0.12441450139214283,
        -0.12131403039143868,
        -0.12216127751203293,
        -0.11244044031008296,
        -0.1122317326428522,
        -0.10498644921949457,
        -0.10508718771182772,
        -0.10066438347019832,
        -0.10152398507951005,
        -0.09278867652034892,
        -0.09429794519413477,
        -0.08942341701081451,
        -0.0868057703736173,
        -0.07972069679616536,
        -0.08149744789111243,
        -0.08339998047375446,
        -0.07617797555078015,
        -0.07427689476540292,
        -0.07740804895779962,
        -0.07249145438885658,
        -0.06678174597344619,
        -0.07186186316774842,
        -0.06379944139810809,
        -0.07187404652135994,
        -0.06498822438151078,
        -0.06663356864918084,
        -0.061245938685296174,
        -0.06474419585406346,
        -0.05905416680110547,
        -0.05868152980072795,
        -0.0566518519243302,
        -0.05804004836652491,
        -0.05794326531476981,
        -0.056192837700262024,
        -0.053010324186723835,
        -0.054141185744523854,
        -0.05433386983942595,
        -0.05367263201641258,
        -0.05110441455503874,
        -0.05081052021362178,
        -0.0494912772519124,
        -0.05209107198778366,
        -0.05004671117721846,
        -0.04757119285136531,
        -0.04971326504055679,
        -0.048984454585180894,
        -0.04679820640369259,
        -0.049367009729410265
    ],
    "epsilons": [
        0.9418449208830277,
        0.8870718549931568,
        0.8354841210835904,
        0.7868964759210001,
        0.7411344491069477,
        0.6980337165828195,
        0.6574395105686315,
        0.6192060638168891,
        0.583196086185909,
        0.5492802716530589,
        0.5173368339976833,
        0.48725106948642405,
        0.4589149449906117,
        0.4322267100567217,
        0.40709053153690444,
        0.3834161494676055,
        0.36111855296059203,
        0.3401176749425623,
        0.3203381046471969,
        0.30170881682725825,
        0.28416291671438093,
        0.2676373998107465,
        0.2520729256500918,
        0.23741360471566406,
        0.22360679774997905,
        0.2106029267357362,
        0.19835529686915354,
        0.1868199288864574,
        0.17595540114143834,
        0.16572270086699942,
        0.15608508408660074,
        0.1470079436725652,
        0.13845868507746376,
        0.1304066092923519,
        0.12282280261157909,
        0.11568003280833444,
        0.1089526513481118,
        0.10261650128895847,
        0.0966488305377922,
        0.09102821015130405,
        0.08573445738807858,
        0.08074856323562418,
        0.07605262415207462,
        0.07162977777745737,
        0.06746414238367819,
        0.0635407598457967,
        0.059845541929811855,
        0.05636521970408556,
        0.053087295892748944,
        0.05000000000000001
    ],
    "losses": [],
    "avg_queue_lengths": [
        0.42015625,
        0.38354166666666667,
        0.3497395833333333,
        0.3634375,
        0.3758854166666667,
        0.35479166666666667,
        0.38125,
        0.3719791666666667,
        0.37744791666666666,
        0.36640625,
        0.40182291666666664,
        0.37927083333333333,
        0.3963541666666667,
        0.3929166666666667,
        0.3853125,
        0.3758854166666667,
        0.39119791666666665,
        0.4194791666666667,
        0.38557291666666665,
        0.38890625,
        0.4024479166666667,
        0.4127604166666667,
        0.400625,
        0.42953125,
        0.3891145833333333,
        0.434375,
        0.4288020833333333,
        0.41989583333333336,
        0.4109375,
        0.4115625,
        0.40890625,
        0.40119791666666665,
        0.42072916666666665,
        0.4280729166666667,
        0.411875,
        0.40901041666666665,
        0.41260416666666666,
        0.41020833333333334,
        0.41598958333333336,
        0.4090625,
        0.3940625,
        0.3986458333333333,
        0.4041666666666667,
        0.41703125,
        0.4165625,
        0.4086458333333333,
        0.4113541666666667,
        0.4253125,
        0.41984375,
        0.42
    ],
    "grid_overloads": [
        50400,
        50400,
        50400,
        50400,
        50400,
        50400,
        50400,
        50400,
        50400,
        50400,
        50400,
        50400,
        50400,
        50400,
        50400,
        50400,
        50400,
        50400,
        50400,
        50400,
        50400,
        50400,
        50400,
        50400,
        50400,
        50400,
        50400,
        50400,
        50400,
        50400,
        50400,
        50400,
        50400,
        50400,
        50400,
        50400,
        50400,
        50400,
        50400,
        50400,
        50400,
        50400,
        50400,
        50400,
        50400,
        50400,
        50400,
        50400,
        50400,
        50400
    ],
    "voltage_violations": [
        50400,
        50400,
        50400,
        50400,
        50400,
        50400,
        50400,
        50400,
        50400,
        50400,
        50400,
        50400,
        50400,
        50400,
        50400,
        50400,
        50400,
        50400,
        50400,
        50400,
        50400,
        50400,
        50400,
        50400,
        50400,
        50400,
        50400,
        50400,
        50400,
        50400,
        50400,
        50400,
        50400,
        50400,
        50400,
        50400,
        50400,
        50400,
        50400,
        50400,
        50400,
        50400,
        50400,
        50400,
        50400,
        50400,
        50400,
        50400,
        50400,
        50400
    ]
}