{
    "episodes": [
        1,
        2,
        3,
        4,
        5,
        6,
        7,
        8,
        9,
        10,
        11,
        12,
        13,
        14,
        15,
        16,
        17,
        18,
        19,
        20,
        21,
        22,
        23,
        24,
        25,
        26,
        27,
        28,
        29,
        30,
        31,
        32,
        33,
        34,
        35,
        36,
        37,
        38,
        39,
        40,
        41,
        42,
        43,
        44,
        45,
        46,
        47,
        48,
        49,
        50
    ],
    "rewards": [
        -0.10257799684998617,
        -0.10278028750989235,
        -0.09877076733355708,
        -0.09847755603076974,
        -0.09421821382418316,
        -0.09062140461402887,
        -0.09208849589723346,
        -0.08793735047917484,
        -0.08875777413637044,
        -0.0866526946457038,
        -0.08740609322152267,
        -0.08652470654223529,
        -0.08423858017137564,
        -0.08515501212240813,
        -0.08324989023483868,
        -0.08300539308072807,
        -0.08239293902352256,
        -0.08142194378598881,
        -0.08134377487625669,
        -0.08184050638619741,
        -0.08116155761824038,
        -0.08063983208663555,
        -0.08036399656512766,
        -0.08002118772588566,
        -0.07968166741196137,
        -0.07874843523997042,
        -0.07885729731316615,
        -0.07901559667445972,
        -0.07888139889200195,
        -0.07837827867133994,
        -0.07819626307343683,
        -0.07847793240682471,
        -0.07817017352058601,
        -0.07819340023824638,
        -0.07746353662691673,
        -0.07789114473369368,
        -0.0779775026267512,
        -0.07764405405274769,
        -0.07744815390179212,
        -0.07761089930324,
        -0.07742053155497544,
        -0.07787324914660385,
        -0.07693378701748191,
        -0.07696367441453694,
        -0.07718419913258541,
        -0.07686493875157326,
        -0.0766020104646265,
        -0.07645432051419658,
        -0.07637236076370742,
        -0.07658905777700178
    ],
    "epsilons": [
        0.9418449208830277,
        0.8870718549931568,
        0.8354841210835904,
        0.7868964759210001,
        0.7411344491069477,
        0.6980337165828195,
        0.6574395105686315,
        0.6192060638168891,
        0.583196086185909,
        0.5492802716530589,
        0.5173368339976833,
        0.48725106948642405,
        0.4589149449906117,
        0.4322267100567217,
        0.40709053153690444,
        0.3834161494676055,
        0.36111855296059203,
        0.3401176749425623,
        0.3203381046471969,
        0.30170881682725825,
        0.28416291671438093,
        0.2676373998107465,
        0.2520729256500918,
        0.23741360471566406,
        0.22360679774997905,
        0.2106029267357362,
        0.19835529686915354,
        0.1868199288864574,
        0.17595540114143834,
        0.16572270086699942,
        0.15608508408660074,
        0.1470079436725652,
        0.13845868507746376,
        0.1304066092923519,
        0.12282280261157909,
        0.11568003280833444,
        0.1089526513481118,
        0.10261650128895847,
        0.0966488305377922,
        0.09102821015130405,
        0.08573445738807858,
        0.08074856323562418,
        0.07605262415207462,
        0.07162977777745737,
        0.06746414238367819,
        0.0635407598457967,
        0.059845541929811855,
        0.05636521970408556,
        0.053087295892748944,
        0.05000000000000001
    ],
    "losses": [],
    "avg_queue_lengths": [
        0.4465625,
        0.43817708333333333,
        0.4258854166666667,
        0.4352083333333333,
        0.36421875,
        0.3096875,
        0.34817708333333336,
        0.28958333333333336,
        0.29541666666666666,
        0.27697916666666667,
        0.29723958333333333,
        0.2833333333333333,
        0.254375,
        0.266875,
        0.22515625,
        0.23645833333333333,
        0.23796875,
        0.21921875,
        0.21333333333333335,
        0.2159375,
        0.22536458333333334,
        0.2165625,
        0.20770833333333333,
        0.21458333333333332,
        0.15890625,
        0.17661458333333332,
        0.19979166666666667,
        0.15354166666666666,
        0.15401041666666668,
        0.17791666666666667,
        0.21026041666666667,
        0.15322916666666667,
        0.20015625,
        0.19057291666666668,
        0.19895833333333332,
        0.16036458333333334,
        0.17098958333333333,
        0.17567708333333334,
        0.19755208333333332,
        0.17192708333333334,
        0.16921875,
        0.15229166666666666,
        0.19989583333333333,
        0.19213541666666667,
        0.14807291666666667,
        0.19213541666666667,
        0.19333333333333333,
        0.23192708333333334,
        0.24026041666666667,
        0.2171875
    ],
    "grid_overloads": [
        50400,
        50400,
        50400,
        50400,
        50400,
        50400,
        50400,
        50400,
        50400,
        50400,
        50400,
        50400,
        50400,
        50400,
        50400,
        50400,
        50400,
        50400,
        50400,
        50400,
        50400,
        50400,
        50400,
        50400,
        50400,
        50400,
        50400,
        50400,
        50400,
        50400,
        50400,
        50400,
        50400,
        50400,
        50400,
        50400,
        50400,
        50400,
        50400,
        50400,
        50400,
        50400,
        50400,
        50400,
        50400,
        50400,
        50400,
        50400,
        50400,
        50400
    ],
    "voltage_violations": [
        50400,
        50400,
        50400,
        50400,
        50400,
        50400,
        50400,
        50400,
        50400,
        50400,
        50400,
        50400,
        50400,
        50400,
        50400,
        50400,
        50400,
        50400,
        50400,
        50400,
        50400,
        50400,
        50400,
        50400,
        50400,
        50400,
        50400,
        50400,
        50400,
        50400,
        50400,
        50400,
        50400,
        50400,
        50400,
        50400,
        50400,
        50400,
        50400,
        50400,
        50400,
        50400,
        50400,
        50400,
        50400,
        50400,
        50400,
        50400,
        50400,
        50400
    ]
}