{
    "episodes": [
        1,
        2,
        3,
        4,
        5,
        6,
        7,
        8,
        9,
        10,
        11,
        12,
        13,
        14,
        15,
        16,
        17,
        18,
        19,
        20
    ],
    "rewards": [
        -300.17246136063625,
        -319.2611813041003,
        -330.8560895961636,
        -434.32150567207657,
        -414.42820952722667,
        -345.7075598416585,
        -376.7980824902259,
        -344.94390246583976,
        -413.323986805473,
        -432.82731301209685,
        -343.62205154602896,
        -374.05318833955727,
        -324.5269352510527,
        -383.92491390083745,
        -325.80163128927825,
        -310.9862582698289,
        -385.31534367577774,
        -304.80324895369927,
        -351.8029847562771,
        -281.04574983787944
    ],
    "epsilons": [
        0.9999,
        0.9998000100000001,
        0.9997000299990001,
        0.9996000599960002,
        0.9995000999900007,
        0.9994001499800017,
        0.9993002099650037,
        0.9992002799440072,
        0.9991003599160128,
        0.9990004498800211,
        0.9989005498350332,
        0.9988006597800497,
        0.9987007797140718,
        0.9986009096361004,
        0.9985010495451367,
        0.9984011994401822,
        0.9983013593202382,
        0.9982015291843062,
        0.9981017090313877,
        0.9980018988604846
    ],
    "losses": [],
    "avg_queue_lengths": [
        0.04,
        0.0,
        0.02,
        0.09,
        0.08,
        0.04,
        0.06,
        0.03,
        0.12,
        0.06,
        0.01,
        0.09,
        0.03,
        0.04,
        0.05,
        0.02,
        0.05,
        0.02,
        0.06,
        0.0
    ],
    "grid_overloads": [
        0,
        0,
        0,
        0,
        0,
        0,
        0,
        0,
        0,
        0,
        0,
        0,
        0,
        0,
        0,
        0,
        0,
        0,
        0,
        0
    ],
    "voltage_violations": [
        0,
        0,
        0,
        0,
        0,
        0,
        0,
        0,
        0,
        0,
        0,
        0,
        0,
        0,
        0,
        0,
        0,
        0,
        0,
        0
    ]
}