{
    "episodes": [
        1,
        2,
        3,
        4,
        5,
        6,
        7,
        8,
        9,
        10,
        11,
        12,
        13,
        14,
        15,
        16,
        17,
        18,
        19,
        20
    ],
    "rewards": [
        -3.770628324026604,
        -3.808475616377917,
        -3.6656806762353393,
        -3.6308164424970806,
        -3.7703404969962167,
        -3.783452595755992,
        -3.781023846908184,
        -3.6439808451741116,
        -3.754841646790534,
        -3.7673631798658285,
        -3.7904829936685074,
        -3.7780290292739562,
        -3.728197674918523,
        -3.814716506934142,
        -3.871287128725214,
        -3.833885826248492,
        -3.7431627840703543,
        -3.801264865425902,
        -3.806094200164598,
        -3.803977864508442
    ],
    "epsilons": [
        0.9889048329050316,
        0.9779327685429285,
        0.9670824410682997,
        0.956352499790037,
        0.9457416090031758,
        0.9352484478226213,
        0.9248717100187195,
        0.9146101038546527,
        0.904462351925639,
        0.8944271909999159,
        0.8845033718614886,
        0.8746896591546225,
        0.864984831230061,
        0.8553876799929504,
        0.8458970107524513,
        0.8365116420730185,
        0.827230405627332,
        0.8180521460508583,
        0.8089757207980266,
        0.8
    ],
    "losses": [],
    "avg_queue_lengths": [
        0.0,
        0.0,
        0.0,
        0.0,
        0.0,
        0.0,
        0.0,
        0.0,
        0.0,
        0.0,
        0.0,
        0.0,
        0.0,
        0.0,
        0.0,
        0.0,
        0.0,
        0.0,
        0.0,
        0.0
    ],
    "grid_overloads": [
        0,
        0,
        3,
        0,
        3,
        0,
        0,
        0,
        1,
        0,
        3,
        0,
        0,
        0,
        0,
        0,
        1,
        0,
        0,
        2
    ],
    "voltage_violations": [
        0,
        0,
        3,
        0,
        3,
        0,
        0,
        0,
        1,
        0,
        3,
        0,
        0,
        0,
        0,
        0,
        1,
        0,
        0,
        2
    ]
}