{
    "episodes": [
        1,
        2,
        3,
        4,
        5,
        6,
        7,
        8,
        9,
        10,
        11,
        12,
        13,
        14,
        15,
        16,
        17,
        18,
        19,
        20
    ],
    "rewards": [
        -277.0197626168741,
        -277.89038574683116,
        -332.9635344100198,
        -311.48896359118623,
        -313.2238878844709,
        -357.5019599437733,
        -295.10085065413506,
        -444.19817162557814,
        -277.0418029881267,
        -289.4810255164006,
        -365.6547647257046,
        -309.92129069891524,
        -328.94023765327245,
        -248.88838364239362,
        -276.6383746469629,
        -291.0671144085217,
        -304.0549281491544,
        -299.0096297241782,
        -284.0668182705036,
        -350.3088096223931
    ],
    "epsilons": [
        0.9999,
        0.9998000100000001,
        0.9997000299990001,
        0.9996000599960002,
        0.9995000999900007,
        0.9994001499800017,
        0.9993002099650037,
        0.9992002799440072,
        0.9991003599160128,
        0.9990004498800211,
        0.9989005498350332,
        0.9988006597800497,
        0.9987007797140718,
        0.9986009096361004,
        0.9985010495451367,
        0.9984011994401822,
        0.9983013593202382,
        0.9982015291843062,
        0.9981017090313877,
        0.9980018988604846
    ],
    "losses": [],
    "avg_queue_lengths": [
        0.0,
        0.05,
        0.0,
        0.0,
        0.0,
        0.0,
        0.0,
        0.09,
        0.03,
        0.0,
        0.12,
        0.05,
        0.0,
        0.04,
        0.0,
        0.09,
        0.01,
        0.04,
        0.01,
        0.05
    ],
    "grid_overloads": [
        0,
        0,
        0,
        0,
        0,
        0,
        0,
        0,
        0,
        0,
        0,
        0,
        0,
        0,
        0,
        0,
        0,
        0,
        0,
        0
    ],
    "voltage_violations": [
        0,
        0,
        0,
        0,
        0,
        0,
        0,
        0,
        0,
        0,
        0,
        0,
        0,
        0,
        0,
        0,
        0,
        0,
        0,
        0
    ]
}