{
    "episodes": [
        1,
        2,
        3,
        4,
        5,
        6,
        7,
        8,
        9,
        10,
        11,
        12,
        13,
        14,
        15,
        16,
        17,
        18,
        19,
        20,
        21,
        22,
        23,
        24,
        25,
        26,
        27,
        28,
        29,
        30,
        31,
        32,
        33,
        34,
        35,
        36,
        37,
        38,
        39,
        40,
        41,
        42,
        43,
        44,
        45,
        46,
        47,
        48,
        49,
        50
    ],
    "rewards": [
        -0.13771844363813554,
        -0.13226270077180463,
        -0.12672774702352282,
        -0.12050795308196115,
        -0.11381004821487387,
        -0.11333332738402882,
        -0.11355372775235262,
        -0.10900845357216878,
        -0.10487636083878957,
        -0.10110973966341315,
        -0.10090829867967344,
        -0.10136823530963758,
        -0.10051923931383433,
        -0.09757076079189249,
        -0.09583668351543773,
        -0.09599971129784234,
        -0.0986143593821276,
        -0.09627810513636895,
        -0.09411347781893036,
        -0.09145778375491027,
        -0.09319799727934618,
        -0.09461057543718203,
        -0.09208720108545967,
        -0.09195630031681976,
        -0.09172966420440683,
        -0.09079180552194718,
        -0.09440571239684263,
        -0.09269881548705433,
        -0.08927210230797548,
        -0.09323634274858109,
        -0.09459389399250069,
        -0.09313989343791956,
        -0.0893241473961582,
        -0.09045152533827312,
        -0.09330971792487747,
        -0.08983226761908882,
        -0.09267843597733459,
        -0.09205004861658157,
        -0.09067870042523915,
        -0.09219416924940305,
        -0.08919678559471206,
        -0.09401591306044176,
        -0.09098223177633746,
        -0.0886496586554615,
        -0.0945281236798059,
        -0.09041618137113423,
        -0.09109276127758616,
        -0.08853749129902673,
        -0.0918033071910057,
        -0.08966874448047239
    ],
    "epsilons": [
        0.9418449208830277,
        0.8870718549931568,
        0.8354841210835904,
        0.7868964759210001,
        0.7411344491069477,
        0.6980337165828195,
        0.6574395105686315,
        0.6192060638168891,
        0.583196086185909,
        0.5492802716530589,
        0.5173368339976833,
        0.48725106948642405,
        0.4589149449906117,
        0.4322267100567217,
        0.40709053153690444,
        0.3834161494676055,
        0.36111855296059203,
        0.3401176749425623,
        0.3203381046471969,
        0.30170881682725825,
        0.28416291671438093,
        0.2676373998107465,
        0.2520729256500918,
        0.23741360471566406,
        0.22360679774997905,
        0.2106029267357362,
        0.19835529686915354,
        0.1868199288864574,
        0.17595540114143834,
        0.16572270086699942,
        0.15608508408660074,
        0.1470079436725652,
        0.13845868507746376,
        0.1304066092923519,
        0.12282280261157909,
        0.11568003280833444,
        0.1089526513481118,
        0.10261650128895847,
        0.0966488305377922,
        0.09102821015130405,
        0.08573445738807858,
        0.08074856323562418,
        0.07605262415207462,
        0.07162977777745737,
        0.06746414238367819,
        0.0635407598457967,
        0.059845541929811855,
        0.05636521970408556,
        0.053087295892748944,
        0.05000000000000001
    ],
    "losses": [],
    "avg_queue_lengths": [
        0.4465625,
        0.45765625,
        0.44786458333333334,
        0.44583333333333336,
        0.42651041666666667,
        0.48984375,
        0.485,
        0.4978125,
        0.48489583333333336,
        0.4822916666666667,
        0.49526041666666665,
        0.5379166666666667,
        0.5290625,
        0.5371354166666666,
        0.54859375,
        0.5542708333333334,
        0.5810416666666667,
        0.5679166666666666,
        0.5778125,
        0.5760416666666667,
        0.5821354166666667,
        0.6013541666666666,
        0.6058854166666666,
        0.6148958333333333,
        0.6300520833333333,
        0.6190104166666667,
        0.6324479166666667,
        0.63859375,
        0.6248958333333333,
        0.6477604166666666,
        0.6715104166666667,
        0.6734895833333333,
        0.65890625,
        0.6490625,
        0.6716666666666666,
        0.6579166666666667,
        0.6716145833333333,
        0.6869270833333333,
        0.675625,
        0.67046875,
        0.6615625,
        0.69015625,
        0.680625,
        0.6444791666666667,
        0.7272916666666667,
        0.6736458333333334,
        0.6833333333333333,
        0.67484375,
        0.6763541666666667,
        0.67265625
    ],
    "grid_overloads": [
        50400,
        50400,
        50400,
        50400,
        50400,
        50400,
        50400,
        50400,
        50400,
        50400,
        50400,
        50400,
        50400,
        50400,
        50400,
        50400,
        50400,
        50400,
        50400,
        50400,
        50400,
        50400,
        50400,
        50400,
        50400,
        50400,
        50400,
        50400,
        50400,
        50400,
        50400,
        50400,
        50400,
        50400,
        50400,
        50400,
        50400,
        50400,
        50400,
        50400,
        50400,
        50400,
        50400,
        50400,
        50400,
        50400,
        50400,
        50400,
        50400,
        50400
    ],
    "voltage_violations": [
        50400,
        50400,
        50400,
        50400,
        50400,
        50400,
        50400,
        50400,
        50400,
        50400,
        50400,
        50400,
        50400,
        50400,
        50400,
        50400,
        50400,
        50400,
        50400,
        50400,
        50400,
        50400,
        50400,
        50400,
        50400,
        50400,
        50400,
        50400,
        50400,
        50400,
        50400,
        50400,
        50400,
        50400,
        50400,
        50400,
        50400,
        50400,
        50400,
        50400,
        50400,
        50400,
        50400,
        50400,
        50400,
        50400,
        50400,
        50400,
        50400,
        50400
    ]
}