{
  "seed": 0,
  "eval_num_evs": 40,
  "eval_episodes": 10,
  "eval_voltage_threshold": 0.92,
  "penalty_config": {
    "user_weight": 0.3,
    "grid_weight": 0.7,
    "grid_norm_scale": 5.0,
    "abandon_penalty": 0.0,
    "queue_timeout_mask": true,
    "queue_timeout_mask_safety_margin_h": 0.5
  },
  "reports": {
    "baseline": {
      "travel_time_cost_per_veh": 4.096237523876869,
      "charge_time_cost_per_veh": 424.17499999999944,
      "wait_time_cost_per_veh": 13.725,
      "charging_fee_per_veh": 177.11502909256305,
      "total_charging_cost_per_veh": 619.1112666164395,
      "avg_wait_time_min": 102.71722721722722,
      "evs_in_line": 0.183,
      "end_evs_in_line": 0.0,
      "started_charge_sessions": 160.0,
      "completed_charge_sessions": 160.0,
      "total_energy_charged_kwh": 6931.442075776518,
      "abandoned_evs": 0.0,
      "incomplete_evs": 0.0,
      "distribution_network_cost_cny": 2699.0510000000004,
      "accumulated_voltage_excursion_pu": 28.435270000000003,
      "total_line_losses_kwh": 21005.42668,
      "evaluation_steps": 600.0,
      "queue_time_h_mean": 0.0012546889510942525,
      "trip_time_h_mean": 0.03137794943159988
    },
    "cheat": {
      "travel_time_cost_per_veh": 5.878825120109144,
      "charge_time_cost_per_veh": 433.24999999999943,
      "wait_time_cost_per_veh": 34.1625,
      "charging_fee_per_veh": 176.9684686885095,
      "total_charging_cost_per_veh": 650.2597938086182,
      "avg_wait_time_min": 136.64421272218755,
      "evs_in_line": 0.45550000000000007,
      "end_evs_in_line": 0.0,
      "started_charge_sessions": 160.0,
      "completed_charge_sessions": 160.0,
      "total_energy_charged_kwh": 6926.215889518773,
      "abandoned_evs": 0.0,
      "incomplete_evs": 0.0,
      "distribution_network_cost_cny": 2579.2670000000003,
      "accumulated_voltage_excursion_pu": 25.968940000000003,
      "total_line_losses_kwh": 20877.89901,
      "evaluation_steps": 600.0,
      "queue_time_h_mean": 0.0009418595607677647,
      "trip_time_h_mean": 0.047210524099307684
    },
    "voltage": {
      "travel_time_cost_per_veh": 9.12898193843884,
      "charge_time_cost_per_veh": 454.98749999999944,
      "wait_time_cost_per_veh": 79.3625,
      "charging_fee_per_veh": 183.10557602236776,
      "total_charging_cost_per_veh": 726.584557960806,
      "avg_wait_time_min": 224.42987242642417,
      "evs_in_line": 1.0581666666666667,
      "end_evs_in_line": 0.0,
      "started_charge_sessions": 160.0,
      "completed_charge_sessions": 160.0,
      "total_energy_charged_kwh": 6933.023971603024,
      "abandoned_evs": 2.0,
      "incomplete_evs": 0.0,
      "distribution_network_cost_cny": 2534.666,
      "accumulated_voltage_excursion_pu": 23.3393,
      "total_line_losses_kwh": 20752.30349,
      "evaluation_steps": 600.0,
      "queue_time_h_mean": 0.027691287237934077,
      "trip_time_h_mean": 0.07581429550270115
    },
    "voltage_penalty5": {
      "travel_time_cost_per_veh": 9.370770082290209,
      "charge_time_cost_per_veh": 453.58749999999947,
      "wait_time_cost_per_veh": 76.0125,
      "charging_fee_per_veh": 181.20576590767564,
      "total_charging_cost_per_veh": 720.1765359899653,
      "avg_wait_time_min": 216.3921601897464,
      "evs_in_line": 1.0135,
      "end_evs_in_line": 0.0,
      "started_charge_sessions": 160.0,
      "completed_charge_sessions": 160.0,
      "total_energy_charged_kwh": 6924.411007177505,
      "abandoned_evs": 2.3,
      "incomplete_evs": 0.0,
      "distribution_network_cost_cny": 2506.5739999999996,
      "accumulated_voltage_excursion_pu": 23.26409,
      "total_line_losses_kwh": 20745.55749,
      "evaluation_steps": 600.0,
      "queue_time_h_mean": 0.025188969143665203,
      "trip_time_h_mean": 0.07787062051639383
    },
    "voltage_mask": {
      "travel_time_cost_per_veh": 9.458596341247539,
      "charge_time_cost_per_veh": 453.77499999999947,
      "wait_time_cost_per_veh": 79.5875,
      "charging_fee_per_veh": 183.0101985790548,
      "total_charging_cost_per_veh": 725.8312949203016,
      "avg_wait_time_min": 224.42887730363813,
      "evs_in_line": 1.0611666666666666,
      "end_evs_in_line": 0.0,
      "started_charge_sessions": 160.0,
      "completed_charge_sessions": 160.0,
      "total_energy_charged_kwh": 6929.435337955762,
      "abandoned_evs": 2.5,
      "incomplete_evs": 0.0,
      "distribution_network_cost_cny": 2528.742,
      "accumulated_voltage_excursion_pu": 23.242290000000004,
      "total_line_losses_kwh": 20744.17446,
      "evaluation_steps": 600.0,
      "queue_time_h_mean": 0.03544541709017391,
      "trip_time_h_mean": 0.07874088549636289
    }
  }
}