{
  "grid_cost_scale": 300.0,
  "eval_num_evs": 40,
  "seed": 0,
  "baseline": {
    "travel_time_cost_per_veh": 4.318353286664328,
    "charge_time_cost_per_veh": 421.87499999999943,
    "wait_time_cost_per_veh": 13.7,
    "charging_fee_per_veh": 176.71674756016552,
    "total_charging_cost_per_veh": 616.6101008468294,
    "avg_wait_time_min": 103.94146409146408,
    "evs_in_line": 0.1826666666666667,
    "end_evs_in_line": 0.0,
    "started_charge_sessions": 160.0,
    "completed_charge_sessions": 160.0,
    "total_energy_charged_kwh": 6928.549222346746,
    "abandoned_evs": 0.0,
    "incomplete_evs": 0.0,
    "distribution_network_cost_cny": 2693.61,
    "accumulated_voltage_excursion_pu": 59.46310999999999,
    "total_line_losses_kwh": 2.22106,
    "evaluation_steps": 600.0,
    "queue_time_h_mean": 0.001865727524458095,
    "trip_time_h_mean": 0.033286779231763805,
    "voltage_violation_step_ratio": 0.31
  },
  "cheat": {
    "travel_time_cost_per_veh": 6.3972621853903275,
    "charge_time_cost_per_veh": 418.0749999999995,
    "wait_time_cost_per_veh": 8.325,
    "charging_fee_per_veh": 176.95141074795842,
    "total_charging_cost_per_veh": 609.7486729333482,
    "avg_wait_time_min": 80.36020923520923,
    "evs_in_line": 0.11100000000000002,
    "end_evs_in_line": 0.0,
    "started_charge_sessions": 160.0,
    "completed_charge_sessions": 160.0,
    "total_energy_charged_kwh": 6932.553206236955,
    "abandoned_evs": 0.0,
    "incomplete_evs": 0.0,
    "distribution_network_cost_cny": 2736.3050000000003,
    "accumulated_voltage_excursion_pu": 50.64024,
    "total_line_losses_kwh": 1.7815100000000004,
    "evaluation_steps": 600.0,
    "queue_time_h_mean": 0.0008518675026252967,
    "trip_time_h_mean": 0.05419528206888087,
    "voltage_violation_step_ratio": 0.24483333333333332
  }
}