{
  "seed": 0,
  "eval_num_evs": 40,
  "eval_episodes": 10,
  "eval_voltage_threshold": 0.92,
  "reward_weights": {
    "user_weight": 0.3,
    "grid_weight": 0.7,
    "voltage_threshold": 0.95,
    "grid_norm_scale": 5.0
  },
  "reports": {
    "baseline": {
      "travel_time_cost_per_veh": 4.174858244050975,
      "charge_time_cost_per_veh": 423.96249999999947,
      "wait_time_cost_per_veh": 15.9375,
      "charging_fee_per_veh": 177.2313273156586,
      "total_charging_cost_per_veh": 621.3061855597091,
      "avg_wait_time_min": 110.4142107892108,
      "evs_in_line": 0.21250000000000005,
      "end_evs_in_line": 0.0,
      "started_charge_sessions": 160.0,
      "completed_charge_sessions": 160.0,
      "total_energy_charged_kwh": 6934.342012263527,
      "abandoned_evs": 0.0,
      "incomplete_evs": 0.0,
      "distribution_network_cost_cny": 2694.6000000000004,
      "accumulated_voltage_excursion_pu": 28.756080000000004,
      "total_line_losses_kwh": 21019.458000000002,
      "evaluation_steps": 600.0,
      "queue_time_h_mean": 0.0024307612735463414,
      "trip_time_h_mean": 0.033077569535692235,
      "voltage_violation_step_ratio": 1.0
    },
    "cheat": {
      "travel_time_cost_per_veh": 5.82586868559792,
      "charge_time_cost_per_veh": 434.48749999999944,
      "wait_time_cost_per_veh": 34.075,
      "charging_fee_per_veh": 178.52983651960886,
      "total_charging_cost_per_veh": 652.9182052052063,
      "avg_wait_time_min": 136.5545205433952,
      "evs_in_line": 0.4543333333333333,
      "end_evs_in_line": 0.0,
      "started_charge_sessions": 160.0,
      "completed_charge_sessions": 160.0,
      "total_energy_charged_kwh": 6922.182868986578,
      "abandoned_evs": 0.2,
      "incomplete_evs": 0.0,
      "distribution_network_cost_cny": 2608.33,
      "accumulated_voltage_excursion_pu": 25.784130000000005,
      "total_line_losses_kwh": 20869.843459999996,
      "evaluation_steps": 600.0,
      "queue_time_h_mean": 0.0016594757195956833,
      "trip_time_h_mean": 0.046506335046766246,
      "voltage_violation_step_ratio": 1.0
    },
    "voltage": {
      "travel_time_cost_per_veh": 9.084503930661919,
      "charge_time_cost_per_veh": 458.87499999999943,
      "wait_time_cost_per_veh": 87.6625,
      "charging_fee_per_veh": 184.09751150568493,
      "total_charging_cost_per_veh": 739.7195154363463,
      "avg_wait_time_min": 244.86338436004735,
      "evs_in_line": 1.1688333333333332,
      "end_evs_in_line": 0.0,
      "started_charge_sessions": 160.0,
      "completed_charge_sessions": 160.0,
      "total_energy_charged_kwh": 6930.898636090101,
      "abandoned_evs": 3.2,
      "incomplete_evs": 0.0,
      "distribution_network_cost_cny": 2538.435,
      "accumulated_voltage_excursion_pu": 22.94556,
      "total_line_losses_kwh": 20728.34428,
      "evaluation_steps": 600.0,
      "queue_time_h_mean": 0.07589725000981236,
      "trip_time_h_mean": 0.0756667913396897,
      "voltage_violation_step_ratio": 1.0
    }
  },
  "voltage_to_cheat_ceiling_capture_pct": {
    "distribution_network_cost_cny": 181.01889416946753,
    "accumulated_voltage_excursion_pu": 195.51203755110296,
    "total_line_losses_kwh": 194.57582130720024
  }
}