{
  "seed": 0,
  "eval_num_evs": 40,
  "eval_episodes": 10,
  "eval_voltage_threshold": 0.92,
  "penalty_config": {
    "user_weight": 0.3,
    "grid_weight": 0.7,
    "grid_norm_scale": 5.0,
    "abandon_penalty": 5.0
  },
  "reports": {
    "baseline": {
      "travel_time_cost_per_veh": 4.031286162014984,
      "charge_time_cost_per_veh": 425.64999999999947,
      "wait_time_cost_per_veh": 14.75,
      "charging_fee_per_veh": 177.3036962334731,
      "total_charging_cost_per_veh": 621.7349823954876,
      "avg_wait_time_min": 97.03507799390152,
      "evs_in_line": 0.1966666666666667,
      "end_evs_in_line": 0.0,
      "started_charge_sessions": 160.0,
      "completed_charge_sessions": 160.0,
      "total_energy_charged_kwh": 6931.515198852978,
      "abandoned_evs": 0.0,
      "incomplete_evs": 0.0,
      "distribution_network_cost_cny": 2693.478,
      "accumulated_voltage_excursion_pu": 28.424619999999997,
      "total_line_losses_kwh": 21003.674,
      "evaluation_steps": 600.0,
      "queue_time_h_mean": 0.0027052866113308747,
      "trip_time_h_mean": 0.031343592709240954
    },
    "cheat": {
      "travel_time_cost_per_veh": 5.796401100283424,
      "charge_time_cost_per_veh": 437.92499999999944,
      "wait_time_cost_per_veh": 34.6875,
      "charging_fee_per_veh": 179.7006644317982,
      "total_charging_cost_per_veh": 658.1095655320812,
      "avg_wait_time_min": 147.2041533928598,
      "evs_in_line": 0.4624999999999999,
      "end_evs_in_line": 0.0,
      "started_charge_sessions": 160.0,
      "completed_charge_sessions": 160.0,
      "total_energy_charged_kwh": 6934.271236078137,
      "abandoned_evs": 0.0,
      "incomplete_evs": 0.0,
      "distribution_network_cost_cny": 2633.813,
      "accumulated_voltage_excursion_pu": 26.035809999999998,
      "total_line_losses_kwh": 20884.22406,
      "evaluation_steps": 600.0,
      "queue_time_h_mean": 0.002532187548162438,
      "trip_time_h_mean": 0.04611735540924149
    },
    "voltage": {
      "travel_time_cost_per_veh": 9.055332949429985,
      "charge_time_cost_per_veh": 457.04999999999944,
      "wait_time_cost_per_veh": 86.9125,
      "charging_fee_per_veh": 182.3927823985614,
      "total_charging_cost_per_veh": 735.4106153479908,
      "avg_wait_time_min": 238.02651474097524,
      "evs_in_line": 1.1588333333333334,
      "end_evs_in_line": 0.0,
      "started_charge_sessions": 160.0,
      "completed_charge_sessions": 160.0,
      "total_energy_charged_kwh": 6930.3364459857285,
      "abandoned_evs": 2.2,
      "incomplete_evs": 0.0,
      "distribution_network_cost_cny": 2493.966,
      "accumulated_voltage_excursion_pu": 22.81088,
      "total_line_losses_kwh": 20722.831649999996,
      "evaluation_steps": 600.0,
      "queue_time_h_mean": 0.05588865741306929,
      "trip_time_h_mean": 0.07610959831110282
    },
    "voltage_penalty5": {
      "travel_time_cost_per_veh": 9.102257895105343,
      "charge_time_cost_per_veh": 456.16249999999945,
      "wait_time_cost_per_veh": 85.9375,
      "charging_fee_per_veh": 182.77489375337916,
      "total_charging_cost_per_veh": 733.977151648484,
      "avg_wait_time_min": 234.33860933076727,
      "evs_in_line": 1.1458333333333335,
      "end_evs_in_line": 0.0,
      "started_charge_sessions": 160.0,
      "completed_charge_sessions": 160.0,
      "total_energy_charged_kwh": 6922.096014320536,
      "abandoned_evs": 1.8,
      "incomplete_evs": 0.0,
      "distribution_network_cost_cny": 2500.25,
      "accumulated_voltage_excursion_pu": 22.76462,
      "total_line_losses_kwh": 20717.6076,
      "evaluation_steps": 600.0,
      "queue_time_h_mean": 0.06967162084547462,
      "trip_time_h_mean": 0.07580594827641877
    }
  }
}