{
  "seed": 0,
  "eval_num_evs": 40,
  "reward_weights": {
    "user_weight": 0.3,
    "grid_weight": 0.7,
    "voltage_threshold": 0.95,
    "grid_norm_scale": 5.0
  },
  "reports": {
    "baseline": {
      "travel_time_cost_per_veh": 4.176569223975492,
      "charge_time_cost_per_veh": 422.49999999999943,
      "wait_time_cost_per_veh": 13.7375,
      "charging_fee_per_veh": 177.88509931424292,
      "total_charging_cost_per_veh": 618.2991685382179,
      "avg_wait_time_min": 99.20210834916716,
      "evs_in_line": 0.18316666666666664,
      "end_evs_in_line": 0.0,
      "started_charge_sessions": 160.0,
      "completed_charge_sessions": 160.0,
      "total_energy_charged_kwh": 6932.727333315209,
      "abandoned_evs": 0.0,
      "incomplete_evs": 0.0,
      "distribution_network_cost_cny": 2702.987,
      "accumulated_voltage_excursion_pu": 58.65584,
      "total_line_losses_kwh": 2.21516,
      "evaluation_steps": 600.0,
      "queue_time_h_mean": 0.0017040276621082804,
      "trip_time_h_mean": 0.03282419767968895,
      "voltage_violation_step_ratio": 0.3066666666666667
    },
    "cheat": {
      "travel_time_cost_per_veh": 6.329480635069597,
      "charge_time_cost_per_veh": 419.29999999999944,
      "wait_time_cost_per_veh": 6.0875,
      "charging_fee_per_veh": 176.17751081609484,
      "total_charging_cost_per_veh": 607.8944914511638,
      "avg_wait_time_min": 53.89574314574313,
      "evs_in_line": 0.08116666666666666,
      "end_evs_in_line": 0.0,
      "started_charge_sessions": 160.0,
      "completed_charge_sessions": 160.0,
      "total_energy_charged_kwh": 6932.520383664654,
      "abandoned_evs": 0.0,
      "incomplete_evs": 0.0,
      "distribution_network_cost_cny": 2723.634,
      "accumulated_voltage_excursion_pu": 50.70863,
      "total_line_losses_kwh": 1.79009,
      "evaluation_steps": 600.0,
      "queue_time_h_mean": 0.0014291036989939872,
      "trip_time_h_mean": 0.05266953602506187,
      "voltage_violation_step_ratio": 0.23616666666666658
    },
    "voltage": {
      "travel_time_cost_per_veh": 8.16148442245256,
      "charge_time_cost_per_veh": 429.58749999999947,
      "wait_time_cost_per_veh": 45.1125,
      "charging_fee_per_veh": 178.0756448535634,
      "total_charging_cost_per_veh": 660.9371292760154,
      "avg_wait_time_min": 168.63904979646665,
      "evs_in_line": 0.6015,
      "end_evs_in_line": 0.0,
      "started_charge_sessions": 160.0,
      "completed_charge_sessions": 160.0,
      "total_energy_charged_kwh": 6928.705059440125,
      "abandoned_evs": 0.0,
      "incomplete_evs": 0.0,
      "distribution_network_cost_cny": 2631.008,
      "accumulated_voltage_excursion_pu": 44.53007999999999,
      "total_line_losses_kwh": 1.52122,
      "evaluation_steps": 600.0,
      "queue_time_h_mean": 0.006542686455448897,
      "trip_time_h_mean": 0.07017368576100391,
      "voltage_violation_step_ratio": 0.16333333333333333
    }
  },
  "voltage_to_cheat_ceiling_capture_pct": {
    "distribution_network_cost_cny": -348.6172325277304,
    "accumulated_voltage_excursion_pu": 177.74489412007497,
    "voltage_violation_step_ratio": 203.30969267139452,
    "total_line_losses_kwh": 163.25311125226432
  }
}