{
    "episodes": [
        1,
        2,
        3,
        4,
        5,
        6,
        7,
        8,
        9,
        10,
        11,
        12,
        13,
        14,
        15,
        16,
        17,
        18,
        19,
        20,
        21,
        22,
        23,
        24,
        25,
        26,
        27,
        28,
        29,
        30
    ],
    "rewards": [
        -0.1304483753948662,
        -0.14525156429835745,
        -0.14149494576263247,
        -0.13752235257832793,
        -0.13782145061364345,
        -0.1367826047372389,
        -0.1302990107151734,
        -0.13288985834071845,
        -0.1404486615876565,
        -0.12837030233419222,
        -0.1314918790429363,
        -0.12290752712169735,
        -0.12738727357423596,
        -0.13684215263597563,
        -0.12364073728301103,
        -0.13587992860348597,
        -0.12818953873679545,
        -0.13068758635081842,
        -0.12185819045004105,
        -0.13073486582431573,
        -0.13605400066211662,
        -0.12869596391279112,
        -0.13212851380035479,
        -0.12580905407054832,
        -0.12056030958502391,
        -0.12592839824290597,
        -0.12433967666478155,
        -0.1289638650146266,
        -0.12354425190867686,
        -0.12016156258008807
    ],
    "epsilons": [
        0.9964941427304151,
        0.993000576496025,
        0.9895192582062144,
        0.9860501449214379,
        0.98259319385269,
        0.9791483623609769,
        0.9757156079567916,
        0.9722948882995889,
        0.9688861611972636,
        0.9654893846056299,
        0.9621045166279033,
        0.9587315155141829,
        0.9553703396609374,
        0.9520209476104914,
        0.9486832980505141,
        0.9453573498135099,
        0.9420430618763108,
        0.9387403933595698,
        0.9354493035272572,
        0.932169751786158,
        0.9289016976853715,
        0.9256451009158114,
        0.9223999213097102,
        0.919166118840122,
        0.9159436536204303,
        0.912732485903855,
        0.9095325760829628,
        0.906343884689178,
        0.9031663723922967,
        0.9000000000000006
    ],
    "losses": [],
    "avg_queue_lengths": [
        0.4115625,
        0.5044791666666667,
        0.44989583333333333,
        0.4294791666666667,
        0.4675,
        0.4296875,
        0.41489583333333335,
        0.43364583333333334,
        0.47552083333333334,
        0.416875,
        0.39958333333333335,
        0.35291666666666666,
        0.4163541666666667,
        0.46260416666666665,
        0.393125,
        0.44458333333333333,
        0.40552083333333333,
        0.45625,
        0.361875,
        0.43135416666666665,
        0.47489583333333335,
        0.4326041666666667,
        0.453125,
        0.40697916666666667,
        0.39375,
        0.43552083333333336,
        0.3929166666666667,
        0.406875,
        0.42354166666666665,
        0.3623958333333333
    ],
    "grid_overloads": [
        25200,
        25200,
        25200,
        25200,
        25200,
        25200,
        25200,
        25200,
        25200,
        25200,
        25200,
        25200,
        25200,
        25200,
        25200,
        25200,
        25200,
        25200,
        25200,
        25200,
        25200,
        25200,
        25200,
        25200,
        25200,
        25200,
        25200,
        25200,
        25200,
        25200
    ],
    "voltage_violations": [
        25200,
        25200,
        25200,
        25200,
        25200,
        25200,
        25200,
        25200,
        25200,
        25200,
        25200,
        25200,
        25200,
        25200,
        25200,
        25200,
        25200,
        25200,
        25200,
        25200,
        25200,
        25200,
        25200,
        25200,
        25200,
        25200,
        25200,
        25200,
        25200,
        25200
    ]
}